{
  "best_epoch": {
    "epoch": 3,
    "test_acc": 0.51416,
    "test_mse": 0.5588955488036662,
    "thresholds": [
      1.6594218871279955,
      2.501408901010067,
      3.5754171982682035,
      4.090078698789521
    ]
  },
  "final_epoch": {
    "epoch": 16,
    "test_acc": 0.51808,
    "test_mse": 0.5588956642482312,
    "thresholds": [
      1.6594211632922165,
      2.5014120290790767,
      3.575422829212987,
      4.090074692238846
    ]
  }
}