{
  "epoch": [
    1,
    2,
    3,
    4,
    5,
    6,
    7,
    8,
    9,
    10,
    11,
    12,
    13,
    14,
    15,
    16
  ],
  "train_mse": [
    0.5566750460223642,
    0.5566750451522833,
    0.556675044282163,
    0.5566750434120235,
    0.5566750425418509,
    0.5566750416716575,
    0.5566750408014489,
    0.5566750399311984,
    0.5566750390609302,
    0.5566750381906389,
    0.556675037320315,
    0.5566750364499707,
    0.5566750355796085,
    0.5566750347092064,
    0.5566750338387889,
    0.5566750329683492
  ],
  "test_mse": [
    0.5588955393616185,
    0.5588955440818887,
    0.5588955488036662,
    0.5588955535276416,
    0.5588955582503982,
    0.5588955629641602,
    0.5588955676988544,
    0.5588955724127704,
    0.5588955771368517,
    0.5588955818628092,
    0.5588955865866653,
    0.5588955913093056,
    0.558895596037605,
    0.5588956007610777,
    0.5588956054843923,
    0.5588956102140424
  ],
  "train_acc": [
    0.4935466666666667,
    0.4935466666666667,
    0.5177066666666666,
    0.5177066666666666,
    0.5177066666666666,
    0.5177066666666666,
    0.5177066666666666,
    0.5177066666666666,
    0.5177066666666666,
    0.5177066666666666,
    0.5177066666666666,
    0.5177066666666666,
    0.5177066666666666,
    0.5177066666666666,
    0.5177066666666666,
    0.5177066666666666
  ],
  "test_acc": [
    0.496,
    0.496,
    0.51416,
    0.51416,
    0.51416,
    0.51416,
    0.51416,
    0.51416,
    0.51416,
    0.51416,
    0.51416,
    0.51416,
    0.51416,
    0.51416,
    0.51416,
    0.51416
  ],
  "train_mae": [
    0.6053290497538187,
    0.6053290674194637,
    0.6053290851999363,
    0.6053291029293734,
    0.605329120724012,
    0.6053291384660796,
    0.6053291561553018,
    0.605329173946652,
    0.6053291916832224,
    0.6053292094094811,
    0.6053292271874602,
    0.6053292449195274,
    0.6053292626030394,
    0.6053292803887051,
    0.60532929809145,
    0.6053293157715606
  ],
  "test_mae": [
    0.6050670163673832,
    0.6050670389578724,
    0.6050670616574616,
    0.60506708431079,
    0.6050671070237221,
    0.605067129685691,
    0.6050671523012944,
    0.6050671750099686,
    0.6050671976698652,
    0.6050672203183582,
    0.6050672430173057,
    0.6050672656734304,
    0.6050672882815097,
    0.6050673109875481,
    0.6050673336151583,
    0.605067356223379
  ],
  "thresholds": [
    [
      1.5,
      2.5,
      3.5,
      4.5
    ],
    [
      1.5,
      2.5,
      3.5,
      4.5
    ],
    [
      1.6594218871279955,
      2.501408901010067,
      3.5754171982682035,
      4.090078698789521
    ],
    [
      1.6594218871279955,
      2.501408901010067,
      3.5754171982682035,
      4.090078698789521
    ],
    [
      1.6594218871279955,
      2.501408901010067,
      3.5754171982682035,
      4.090078698789521
    ],
    [
      1.6594218871279955,
      2.501408901010067,
      3.5754171982682035,
      4.090078698789521
    ],
    [
      1.6594218871279955,
      2.501408901010067,
      3.5754171982682035,
      4.090078698789521
    ],
    [
      1.6594218871279955,
      2.501408901010067,
      3.5754171982682035,
      4.090078698789521
    ],
    [
      1.6594218871279955,
      2.501408901010067,
      3.5754171982682035,
      4.090078698789521
    ],
    [
      1.6594218871279955,
      2.501408901010067,
      3.5754171982682035,
      4.090078698789521
    ],
    [
      1.6594218871279955,
      2.501408901010067,
      3.5754171982682035,
      4.090078698789521
    ],
    [
      1.6594218871279955,
      2.501408901010067,
      3.5754171982682035,
      4.090078698789521
    ],
    [
      1.6594218871279955,
      2.501408901010067,
      3.5754171982682035,
      4.090078698789521
    ],
    [
      1.6594218871279955,
      2.501408901010067,
      3.5754171982682035,
      4.090078698789521
    ],
    [
      1.6594218871279955,
      2.501408901010067,
      3.5754171982682035,
      4.090078698789521
    ],
    [
      1.6594218871279955,
      2.501408901010067,
      3.5754171982682035,
      4.090078698789521
    ]
  ],
  "delta_c": [
    9.895680442559284e-07,
    9.896445505530594e-07,
    9.897200625413883e-07,
    9.897956814067244e-07,
    9.898712457115378e-07,
    9.899481198852312e-07,
    9.900230611578632e-07,
    9.90099924355614e-07,
    9.901762939426572e-07,
    9.902522527971413e-07,
    9.903280798195802e-07,
    9.904049738065912e-07,
    9.90481284031397e-07,
    9.905576267649208e-07,
    9.906347889443446e-07,
    9.907112267865116e-07
  ],
  "delta_s": [
    1.5569440437623871e-06,
    1.5568511200603208e-06,
    1.5567564073892815e-06,
    1.556661643797863e-06,
    1.5565668511074993e-06,
    1.556469993418963e-06,
    1.556377625022698e-06,
    1.5562806907953862e-06,
    1.5561859060042592e-06,
    1.5560908435685583e-06,
    1.5559937464104666e-06,
    1.5558984202468372e-06,
    1.5558039416108115e-06,
    1.5557071551486335e-06,
    1.5556114521420028e-06,
    1.555515838957966e-06
  ]
}