feature,    count,      mean,       std,                min,    25%,    median, 75%,    max,missing_count,  missing_pct
x1,         200000.0,   5.000595,   3.162366937722162,  0.0,    2.0,    5.0,    8.0,    10.0,   0,  0.0
x2,         200000.0,   5.000405,   3.160940491957887,  0.0,    2.0,    5.0,    8.0,    10.0,   0,  0.0
x3,         200000.0,   5.00652,    3.1650399013263457, 0.0,    2.0,    5.0,    8.0,    10.0,   0,  0.0
x4,         200000.0,   5.000875,   3.1623210203497965, 0.0,    2.0,    5.0,    8.0,    10.0,   0,  0.0
x5,         200000.0,   5.00057,    3.1623487596007473, 0.0,    2.0,    5.0,    8.0,    10.0,   0,  0.0
x6,         200000.0,   4.999495,   3.162676834202127,  0.0,    2.0,    5.0,    8.0,    10.0,   0,  0.0
x7,         200000.0,   19.99531,   11.830955914949953, 0.0,    10.0,   20.0,   30.0,   40.0,   0,  0.0
