{
  "best_epoch": {
    "epoch": 3,
    "test_acc": 0.51656,
    "test_mse": 0.5592990717229681,
    "thresholds": [
      1.6713443168506639,
      2.5110631018857483,
      3.560105553199644,
      4.0713796142495156
    ]
  },
  "final_epoch": {
    "epoch": 6,
    "test_acc": 0.51808,
    "test_mse": 0.5593046590734483,
    "thresholds": [
      1.6715777180232787,
      2.5114430226003224,
      3.55964358285632,
      4.0713766245276775
    ]
  }
}