{
  "epoch": [
    1,
    2,
    3,
    4,
    5,
    6
  ],
  "train_mse": [
    0.5565794073017453,
    0.5565785273214263,
    0.5565777307807588,
    0.5565770027695548,
    0.5565763312115855,
    0.5565757063326502
  ],
  "test_mse": [
    0.5592933911864012,
    0.5592963648874324,
    0.5592990717229681,
    0.5593015634418218,
    0.5593038815667436,
    0.5593060593568762
  ],
  "train_acc": [
    0.4935466666666667,
    0.4935466666666667,
    0.51832,
    0.51832,
    0.51832,
    0.51832
  ],
  "test_acc": [
    0.496,
    0.496,
    0.51656,
    0.51656,
    0.51656,
    0.51656
  ],
  "train_mae": [
    0.6048423134782318,
    0.6048438081169102,
    0.6048452073978128,
    0.6048464987028844,
    0.6048476760990942,
    0.604848738165681
  ],
  "test_mae": [
    0.6048105387643721,
    0.6048135234729954,
    0.6048162923293878,
    0.6048188615215789,
    0.6048212476537073,
    0.6048234668705998
  ],
  "thresholds": [
    [
      1.5,
      2.5,
      3.5,
      4.5
    ],
    [
      1.5,
      2.5,
      3.5,
      4.5
    ],
    [
      1.6713443168506639,
      2.5110631018857483,
      3.560105553199644,
      4.0713796142495156
    ],
    [
      1.6713443168506639,
      2.5110631018857483,
      3.560105553199644,
      4.0713796142495156
    ],
    [
      1.6713443168506639,
      2.5110631018857483,
      3.560105553199644,
      4.0713796142495156
    ],
    [
      1.6713443168506639,
      2.5110631018857483,
      3.560105553199644,
      4.0713796142495156
    ]
  ],
  "delta_c": [
    8.865278635763335e-05,
    8.778201302781646e-05,
    8.69224184968118e-05,
    8.608430031055733e-05,
    8.527372180566067e-05,
    8.449383848124274e-05
  ],
  "delta_s": [
    0.00015937446093469996,
    0.0001544699836487005,
    0.00015007894171201682,
    0.00014614442955984585,
    0.00014261321344114547,
    0.00013943677568807402
  ]
}